time,humid,pressure,temp
18/03/2025 05:46,71.74,1011.82,34.24
18/03/2025 05:47,66.24,1011.81,36.46
18/03/2025 05:48,62.61,1011.79,37.74
18/03/2025 05:49,61.25,1011.74,38.56
18/03/2025 05:50,59.96,1011.78,38.99
18/03/2025 05:51,59.14,1011.76,39.03
18/03/2025 05:52,58.93,1011.75,39.23
18/03/2025 05:53,58.82,1011.78,39.28
18/03/2025 05:54,58.98,1011.77,39.25
18/03/2025 05:55,58.63,1011.83,39.34
18/03/2025 05:56,58.45,1011.77,39.39
18/03/2025 05:57,58.22,1011.77,39.54
18/03/2025 05:58,58.31,1011.77,39.58
18/03/2025 05:59,58.28,1011.79,39.52
18/03/2025 06:00,57.91,1011.78,39.72
18/03/2025 06:01,57.64,1011.78,39.8
18/03/2025 06:02,56.82,1011.76,40.24
18/03/2025 06:03,56.1,1011.72,40.57
18/03/2025 06:04,55.77,1011.72,40.69
18/03/2025 06:05,55.69,1011.78,40.74
18/03/2025 06:06,55.84,1011.77,40.62
18/03/2025 06:07,55.29,1011.73,40.89
18/03/2025 06:08,54.94,1011.79,41.13
18/03/2025 06:09,55.5,1011.77,40.84
18/03/2025 06:10,55.39,1011.79,40.9
18/03/2025 06:11,55.34,1011.77,40.8
18/03/2025 06:12,55.39,1011.78,40.82
18/03/2025 06:13,54.91,1011.83,41.02
18/03/2025 06:14,55.18,1011.84,40.95
18/03/2025 06:15,55.28,1011.88,40.89
18/03/2025 06:16,55.36,1011.91,40.79
18/03/2025 06:17,55.24,1011.92,40.93
18/03/2025 06:18,55.07,1011.94,41.05
18/03/2025 06:19,55.92,1011.91,40.37
18/03/2025 06:20,56.09,1011.92,40.47
18/03/2025 06:21,55.82,1011.93,40.59
18/03/2025 06:22,56.04,1011.95,40.53
18/03/2025 06:23,56.21,1011.98,40.43
18/03/2025 06:24,56.12,1011.97,40.43
18/03/2025 06:25,57.37,1011.97,39.64
18/03/2025 06:26,56.88,1011.98,40.14
18/03/2025 06:27,56.66,1012.01,40.23
18/03/2025 06:28,56.72,1012.03,40.11
18/03/2025 06:29,56.45,1012.03,40.3
18/03/2025 06:30,56.4,1012.06,40.35
18/03/2025 06:31,56.42,1012.04,40.28
18/03/2025 06:32,57.28,1012.03,39.87
18/03/2025 06:33,57.22,1012.03,39.9
18/03/2025 06:34,56.94,1012.06,40.01
18/03/2025 06:35,56.83,1012.06,39.95
18/03/2025 06:36,56.67,1012.06,40.14
18/03/2025 06:37,56.89,1012.04,40.09
18/03/2025 06:38,56.61,1012.05,40.17
18/03/2025 06:39,56.95,1012.05,39.99
18/03/2025 06:40,57.48,1012.09,39.73
18/03/2025 06:41,57.19,1012.07,39.87
18/03/2025 06:42,57.04,1012.03,40.01
18/03/2025 06:43,56.76,1012.08,40.09
18/03/2025 06:44,56.69,1012.1,40.14
18/03/2025 06:45,56.07,1012.11,40.57
18/03/2025 06:46,55.24,1012.12,40.83
18/03/2025 06:47,55.15,1012.11,40.86
18/03/2025 06:48,55.23,1012.12,40.87
18/03/2025 06:49,54.56,1012.1,41.24
18/03/2025 06:50,54.63,1012.17,41.09
18/03/2025 06:51,55.1,1012.16,40.83
18/03/2025 06:52,54.81,1012.21,40.95
18/03/2025 06:53,54.92,1012.23,40.96
18/03/2025 06:54,54.89,1012.26,40.93
18/03/2025 06:55,54.92,1012.31,40.91
18/03/2025 06:56,54.89,1012.25,41
18/03/2025 06:57,55.19,1012.3,40.82
18/03/2025 06:58,55.45,1012.24,40.72
18/03/2025 06:59,55.59,1012.24,40.57
18/03/2025 07:00,56.19,1012.2,40.37
18/03/2025 07:01,55.94,1012.22,40.42
18/03/2025 07:02,56.36,1012.23,40.24
18/03/2025 07:03,56.5,1012.21,40.15
18/03/2025 07:04,56.9,1012.21,39.96
18/03/2025 07:05,57.14,1012.24,39.85
18/03/2025 07:06,57.48,1012.26,39.75
18/03/2025 07:07,57.68,1012.25,39.65
18/03/2025 07:08,57.61,1012.32,39.7
18/03/2025 07:09,57.22,1012.35,39.9
18/03/2025 07:10,57.34,1012.3,39.81
18/03/2025 07:11,57.42,1012.37,39.75
18/03/2025 07:12,57.41,1012.38,39.75
18/03/2025 07:13,57.3,1012.37,39.89
18/03/2025 07:14,56.77,1012.37,40.07
18/03/2025 07:15,56.92,1012.37,40.02
18/03/2025 07:16,57.65,1012.4,39.64
18/03/2025 07:17,57.89,1012.41,39.53
18/03/2025 07:18,57.54,1012.45,39.75
18/03/2025 07:19,58.35,1012.45,39.26
18/03/2025 07:20,58.23,1012.46,39.39
18/03/2025 07:21,57.68,1012.48,39.71
18/03/2025 07:22,57.04,1012.49,40.02
18/03/2025 07:23,56.46,1012.5,40.33
18/03/2025 07:24,56.23,1012.5,40.41
18/03/2025 07:25,57.83,1012.55,39.5
18/03/2025 07:26,57.78,1012.55,39.63
18/03/2025 07:27,59.62,1012.61,38.64
18/03/2025 07:28,59.74,1012.62,38.65
18/03/2025 07:29,59.41,1012.63,38.78
18/03/2025 07:30,59.86,1012.65,38.56
18/03/2025 07:31,60.43,1012.66,38.26
18/03/2025 07:32,59.96,1012.64,38.55
18/03/2025 07:33,59.9,1012.69,38.62
18/03/2025 07:34,59.51,1012.71,38.83
18/03/2025 07:35,60.35,1012.77,38.34
18/03/2025 07:36,60.81,1012.76,38.06
18/03/2025 07:37,60.44,1012.8,38.44
18/03/2025 07:38,59.31,1012.8,38.92
18/03/2025 07:39,58.11,1012.76,39.63
18/03/2025 07:40,57.26,1012.79,39.98
18/03/2025 07:41,56.69,1012.78,40.25
18/03/2025 07:42,56.44,1012.76,40.31
18/03/2025 07:43,56.36,1012.77,40.3
18/03/2025 07:44,56.8,1012.83,40.06
18/03/2025 07:45,56.4,1012.84,40.34
18/03/2025 07:46,56.36,1012.85,40.27
18/03/2025 07:47,56.28,1012.8,40.29
18/03/2025 07:48,56.35,1012.81,40.24
18/03/2025 07:49,57.17,1012.84,39.91
18/03/2025 07:50,56.9,1012.82,40.01
18/03/2025 07:51,56.73,1012.86,40.16
18/03/2025 07:52,56.51,1012.86,40.2
18/03/2025 07:53,57.2,1012.91,39.93
18/03/2025 07:54,56.45,1012.98,40.3
18/03/2025 07:55,56.35,1012.96,40.23
18/03/2025 07:56,56.42,1013,40.24
18/03/2025 07:57,56.84,1013.05,40.04
18/03/2025 07:58,56.57,1013.03,40.14
18/03/2025 07:59,56.81,1013.05,40.07
18/03/2025 08:00,56.83,1013.08,40.08
18/03/2025 08:01,56.44,1013.09,40.21
18/03/2025 08:02,56.36,1013.1,40.26
18/03/2025 08:03,57.65,1013.16,39.61
18/03/2025 08:04,59.92,1013.17,38.39
18/03/2025 08:05,60.46,1013.23,38.12
18/03/2025 08:06,60.13,1013.2,38.39
18/03/2025 08:07,59.82,1013.22,38.4
18/03/2025 08:08,60.21,1013.24,38.4
18/03/2025 08:09,59.98,1013.21,38.55
18/03/2025 08:10,59.13,1013.21,38.82
18/03/2025 08:11,58.48,1013.21,39.27
18/03/2025 08:12,57.98,1013.17,39.45
18/03/2025 08:13,57.46,1013.17,39.73
18/03/2025 08:14,56.95,1013.17,40.02
18/03/2025 08:15,57.48,1013.19,39.57
18/03/2025 08:16,57.08,1013.21,39.93
18/03/2025 08:17,57.15,1013.19,39.85
18/03/2025 08:18,56.74,1013.21,40.08
18/03/2025 08:19,56.49,1013.23,40.2
18/03/2025 08:20,56.22,1013.24,40.38
18/03/2025 08:21,56.01,1013.2,40.41
18/03/2025 08:22,55.89,1013.27,40.47
18/03/2025 08:23,56.28,1013.28,40.22
18/03/2025 08:24,58.28,1013.34,39.22
18/03/2025 08:25,58.9,1013.36,38.96
18/03/2025 08:26,59.85,1013.35,38.45
18/03/2025 08:27,59.8,1013.33,38.39
18/03/2025 08:28,60.39,1013.37,38.21
18/03/2025 08:29,59.79,1013.31,38.44
18/03/2025 08:30,59.64,1013.34,38.63
18/03/2025 08:31,60.12,1013.36,38.32
18/03/2025 08:32,60.42,1013.38,38.22
18/03/2025 08:33,59.5,1013.29,38.72
18/03/2025 08:34,58.57,1013.33,39.2
18/03/2025 08:35,58.29,1013.32,39.37
18/03/2025 08:36,57.95,1013.34,39.38
18/03/2025 08:37,57.2,1013.31,39.83
18/03/2025 08:38,57.04,1013.36,39.79
18/03/2025 08:39,57.77,1013.36,39.54
18/03/2025 08:40,57.21,1013.38,39.68
18/03/2025 08:41,56.74,1013.34,40.04
18/03/2025 08:42,56.37,1013.38,40.22
18/03/2025 08:43,57.34,1013.45,39.64
18/03/2025 08:44,58.05,1013.47,39.29
18/03/2025 08:45,59.47,1013.45,38.5
18/03/2025 08:46,59.54,1013.47,38.51
18/03/2025 08:47,59.17,1013.46,38.71
18/03/2025 08:48,59.39,1013.48,38.69
18/03/2025 08:49,58.51,1013.51,39.05
18/03/2025 08:50,57.79,1013.5,39.44
18/03/2025 08:51,56.85,1013.53,39.87
18/03/2025 08:52,56.71,1013.57,39.9
18/03/2025 08:53,56.46,1013.48,40.1
18/03/2025 08:54,56.11,1013.46,40.23
18/03/2025 08:55,55.96,1013.47,40.26
18/03/2025 08:56,56.06,1013.5,40.18
18/03/2025 08:57,55.81,1013.46,40.37
18/03/2025 08:58,55.5,1013.48,40.49
18/03/2025 08:59,55.25,1013.46,40.61
18/03/2025 09:00,54.9,1013.48,40.73
18/03/2025 09:01,54.77,1013.48,40.84
18/03/2025 09:02,55.43,1013.48,40.46
18/03/2025 09:03,55.44,1013.5,40.46
18/03/2025 09:04,55.58,1013.55,40.42
18/03/2025 09:05,55.76,1013.53,40.27
18/03/2025 09:06,56.48,1013.59,39.86
18/03/2025 09:07,57.06,1013.64,39.48
18/03/2025 09:08,57.11,1013.63,39.63
18/03/2025 09:09,56.88,1013.62,39.73
18/03/2025 09:10,58.13,1013.65,39.09
18/03/2025 09:11,57.54,1013.61,39.47
18/03/2025 09:12,56.77,1013.61,39.77
18/03/2025 09:13,56.83,1013.62,39.75
18/03/2025 09:14,56.73,1013.6,39.78
18/03/2025 09:15,57.21,1013.61,39.54
18/03/2025 09:16,57.52,1013.59,39.39
18/03/2025 09:17,57.24,1013.59,39.58
18/03/2025 09:18,56.83,1013.61,39.78
18/03/2025 09:19,56.91,1013.61,39.65
18/03/2025 09:20,56.49,1013.57,39.82
18/03/2025 09:21,57.61,1013.58,39.33
18/03/2025 09:22,57.69,1013.59,39.21
18/03/2025 09:23,57.88,1013.62,39.09
18/03/2025 09:24,57.98,1013.61,39.11
18/03/2025 09:25,58.1,1013.61,39.08
18/03/2025 09:26,58.01,1013.59,39.13
18/03/2025 09:27,58.65,1013.59,38.71
18/03/2025 09:28,59.39,1013.63,38.39
18/03/2025 09:29,59.42,1013.63,38.41
18/03/2025 09:30,59.08,1013.6,38.61
18/03/2025 09:31,58.9,1013.6,38.62
18/03/2025 09:32,58.99,1013.63,38.67
18/03/2025 09:33,58.46,1013.62,38.8
18/03/2025 09:34,58.22,1013.64,39.04
18/03/2025 09:35,58.22,1013.61,38.94
18/03/2025 09:36,58.37,1013.59,38.84
18/03/2025 09:37,58.56,1013.56,38.85
18/03/2025 09:38,58.42,1013.58,38.95
18/03/2025 09:39,58.38,1013.58,38.87
18/03/2025 09:40,58.09,1013.55,39.04
18/03/2025 09:41,58.06,1013.56,39.05
18/03/2025 09:42,59.04,1013.56,38.55
18/03/2025 09:43,60.08,1013.57,38
18/03/2025 09:44,59.24,1013.54,38.67
18/03/2025 09:45,57.93,1013.56,39.21
18/03/2025 09:46,57.72,1013.54,39.24
18/03/2025 09:47,59.09,1013.54,38.58
18/03/2025 09:48,58.21,1013.54,39.13
18/03/2025 09:49,57.6,1013.56,39.55
18/03/2025 09:50,56.26,1013.53,40
18/03/2025 09:51,55.64,1013.49,40.43
18/03/2025 09:52,58.28,1013.57,39.02
18/03/2025 09:53,60.21,1013.61,38.07
18/03/2025 09:54,61.01,1013.63,37.82
18/03/2025 09:55,61.4,1013.66,37.65
18/03/2025 09:56,62.29,1013.59,37.17
18/03/2025 09:57,62.6,1013.59,36.97
18/03/2025 09:58,63.03,1013.54,36.85
18/03/2025 09:59,63.03,1013.56,36.87
18/03/2025 10:00,63.09,1013.55,36.93
18/03/2025 10:01,63.12,1013.59,36.72
18/03/2025 10:02,63.01,1013.52,36.86
18/03/2025 10:03,63.05,1013.56,36.8
18/03/2025 10:04,62.82,1013.57,36.85
18/03/2025 10:05,63.19,1013.54,36.99
18/03/2025 10:06,62.32,1013.54,37.37
18/03/2025 10:07,62.72,1013.56,37.08
18/03/2025 10:08,63.1,1013.54,36.84
18/03/2025 10:09,62.97,1013.51,36.79
18/03/2025 10:10,62.66,1013.53,36.98
18/03/2025 10:11,62.68,1013.52,36.99
18/03/2025 10:12,62.91,1013.53,36.97
18/03/2025 10:13,63.55,1013.56,36.58
18/03/2025 10:14,62.61,1013.59,37.04
18/03/2025 10:15,61.8,1013.59,37.48
18/03/2025 10:16,61.49,1013.58,37.3
18/03/2025 10:17,62.26,1013.63,37.13
18/03/2025 10:18,62.14,1013.59,37.03
18/03/2025 10:19,62.86,1013.64,36.89
18/03/2025 10:20,61.5,1013.6,37.46
18/03/2025 10:21,61.84,1013.59,37.24
18/03/2025 10:22,61.95,1013.62,37.15
18/03/2025 10:23,62.25,1013.57,37.18
18/03/2025 10:24,62.46,1013.52,36.86
18/03/2025 10:25,61.77,1013.55,37.29
18/03/2025 10:26,61.79,1013.53,37.32
18/03/2025 10:27,61.55,1013.57,37.21
18/03/2025 10:28,61.74,1013.59,37.05
18/03/2025 10:29,61.3,1013.59,37.3
18/03/2025 10:30,62,1013.6,37.1
18/03/2025 10:31,62.35,1013.62,36.8
18/03/2025 10:32,61.92,1013.59,37.21
18/03/2025 10:33,62.92,1013.6,36.55
18/03/2025 10:34,62.2,1013.58,36.83
18/03/2025 10:35,61.82,1013.58,37.21
18/03/2025 10:36,62.75,1013.59,36.48
18/03/2025 10:37,62.46,1013.59,36.65
18/03/2025 10:38,62.54,1013.55,36.68
18/03/2025 10:39,62.55,1013.53,36.63
18/03/2025 10:40,61.51,1013.52,37.01
18/03/2025 10:41,61.83,1013.51,36.96
18/03/2025 10:42,62.65,1013.49,36.73
18/03/2025 10:43,61.6,1013.52,37.16
18/03/2025 10:44,61.61,1013.55,37.01
18/03/2025 10:45,61.48,1013.57,37.08
18/03/2025 10:46,61.74,1013.61,36.88
18/03/2025 10:47,61.44,1013.56,37.18
18/03/2025 10:48,62.44,1013.54,36.59
18/03/2025 10:49,62.78,1013.54,36.57
18/03/2025 10:50,61.95,1013.47,36.91
18/03/2025 10:51,62.53,1013.45,36.57
18/03/2025 10:52,61.23,1013.44,37.3
18/03/2025 10:53,61.14,1013.43,37.14
18/03/2025 10:54,61.79,1013.41,36.84
18/03/2025 10:55,61.24,1013.41,37.2
18/03/2025 10:56,61.3,1013.45,37.14
18/03/2025 10:57,61.29,1013.45,37.19
18/03/2025 10:58,62.39,1013.5,36.67
18/03/2025 10:59,62.68,1013.47,36.7
18/03/2025 11:00,61.75,1013.49,37.01
18/03/2025 11:01,61.5,1013.48,37.26
18/03/2025 11:02,61.97,1013.46,37.02
18/03/2025 11:03,61.21,1013.43,37.14
18/03/2025 11:04,62.13,1013.39,36.84
18/03/2025 11:05,62.05,1013.38,36.92
18/03/2025 11:06,62.28,1013.34,36.58
18/03/2025 11:07,62.07,1013.36,36.87
18/03/2025 11:08,61.15,1013.31,37.31
18/03/2025 11:09,61.19,1013.31,37.32
18/03/2025 11:10,61.32,1013.29,37.08
18/03/2025 11:11,60.94,1013.29,37.22
18/03/2025 11:12,61.16,1013.34,37.16
18/03/2025 11:13,61.76,1013.32,37.05
18/03/2025 11:14,61.16,1013.29,37.28
18/03/2025 11:15,61.42,1013.28,37.12
18/03/2025 11:16,61.32,1013.3,37.12
18/03/2025 11:17,61.38,1013.26,37.13
18/03/2025 11:18,61.76,1013.21,37.22
18/03/2025 11:19,62.15,1013.19,36.94
18/03/2025 11:20,62.69,1013.17,36.64
18/03/2025 11:21,62.19,1013.12,36.94
18/03/2025 11:22,61.73,1013.13,37.05
18/03/2025 11:23,62.18,1013.12,36.83
18/03/2025 11:24,61.61,1013.1,37.36
18/03/2025 11:25,62.61,1013.08,36.76
18/03/2025 11:26,61.23,1013.08,37.36
18/03/2025 11:27,62.12,1013.01,36.99
18/03/2025 11:28,62.04,1013.01,37.05
18/03/2025 11:29,62.57,1013,36.65
18/03/2025 11:30,62.64,1012.96,36.55
18/03/2025 11:31,62.18,1012.98,36.96
18/03/2025 11:32,62.31,1012.94,36.95
18/03/2025 11:33,62.7,1012.89,36.76
18/03/2025 11:34,62.98,1012.88,36.75
18/03/2025 11:35,62.58,1012.85,36.94
18/03/2025 11:36,62.7,1012.79,36.81
18/03/2025 11:37,62.72,1012.8,36.73
18/03/2025 11:38,62.08,1012.8,37.22
18/03/2025 11:39,63.45,1012.74,36.55
18/03/2025 11:40,62.15,1012.76,36.94
18/03/2025 11:41,61.61,1012.72,37.24
18/03/2025 11:42,62.39,1012.69,37.05
18/03/2025 11:43,61.48,1012.66,37.2
18/03/2025 11:44,61.68,1012.67,37.16
18/03/2025 11:45,61.71,1012.67,37.01
18/03/2025 11:46,61.73,1012.63,37.21
18/03/2025 11:47,61.14,1012.64,37.33
18/03/2025 11:48,61.49,1012.61,37.26
18/03/2025 11:49,61.68,1012.63,37.18
18/03/2025 11:50,62.17,1012.6,36.98
18/03/2025 11:51,63.44,1012.58,36.4
18/03/2025 11:52,63.24,1012.56,36.5
18/03/2025 11:53,62.39,1012.52,36.86
18/03/2025 11:54,62.18,1012.51,36.75
18/03/2025 11:55,62.03,1012.53,37.01
18/03/2025 11:56,61.66,1012.51,37
18/03/2025 11:57,62.14,1012.48,36.78
18/03/2025 11:58,61.9,1012.52,37.1
18/03/2025 11:59,61.96,1012.47,36.88
18/03/2025 12:00,62.33,1012.43,36.92
18/03/2025 12:01,61.62,1012.37,37.15
18/03/2025 12:02,62.4,1012.35,36.7
18/03/2025 12:03,62.17,1012.32,36.9
18/03/2025 12:04,61.69,1012.26,37.17
18/03/2025 12:05,62.36,1012.26,36.7
18/03/2025 12:06,61.58,1012.23,37.17
18/03/2025 12:07,61.57,1012.23,37.1
18/03/2025 12:08,61.69,1012.2,37.24
18/03/2025 12:09,61.78,1012.18,37.02
18/03/2025 12:10,61.86,1012.13,37.02
18/03/2025 12:11,61.57,1012.15,37.25
18/03/2025 12:12,62.02,1012.15,37.03
18/03/2025 12:13,61.77,1012.04,37.12
18/03/2025 12:14,62.52,1012.08,36.85
18/03/2025 12:15,61.41,1012.05,37.15
18/03/2025 12:16,60.66,1011.95,37.69
18/03/2025 12:17,61.27,1011.88,37.42
18/03/2025 12:18,61.29,1011.9,37.39
18/03/2025 12:19,61.34,1011.9,37.35
18/03/2025 12:20,61.06,1011.88,37.53
18/03/2025 12:21,61.49,1011.86,37.14
18/03/2025 12:22,61.34,1011.83,37.2
18/03/2025 12:23,61.93,1011.9,36.98
18/03/2025 12:24,60.99,1011.88,37.41
18/03/2025 12:25,61.4,1011.87,37.29
18/03/2025 12:26,61.11,1011.82,37.31
18/03/2025 12:27,61.05,1011.84,37.29
18/03/2025 12:28,61.47,1011.86,37.33
18/03/2025 12:29,62.18,1011.82,36.75
18/03/2025 12:30,61.76,1011.8,37.16
18/03/2025 12:31,61.4,1011.8,37.29
18/03/2025 12:32,61.88,1011.77,37.1
18/03/2025 12:33,61.63,1011.76,37.15
18/03/2025 12:34,61.1,1011.65,37.47
18/03/2025 12:35,61.74,1011.69,36.95
18/03/2025 12:36,62.11,1011.71,36.8
18/03/2025 12:37,62.62,1011.63,36.61
18/03/2025 12:38,61.55,1011.57,37.2
18/03/2025 12:39,61.09,1011.53,37.28
18/03/2025 12:40,61.61,1011.56,37.12
18/03/2025 12:41,61.45,1011.49,37.34
18/03/2025 12:42,60.87,1011.49,37.35
18/03/2025 12:43,60.74,1011.44,37.57
18/03/2025 12:44,61.5,1011.44,37.01
18/03/2025 12:45,61.39,1011.44,37.23
18/03/2025 12:46,61.35,1011.37,37.33
18/03/2025 12:47,61.81,1011.3,36.96
18/03/2025 12:48,61.67,1011.29,37.03
18/03/2025 12:49,62.32,1011.29,36.83
18/03/2025 12:50,61.86,1011.24,37.08
18/03/2025 12:51,61.93,1011.19,36.87
18/03/2025 12:52,61.47,1011.19,37.08
18/03/2025 12:53,61.56,1011.24,37.08
18/03/2025 12:54,60.99,1011.24,37.43
18/03/2025 12:55,61.56,1011.18,37.12
18/03/2025 12:56,61.75,1011.24,36.97
18/03/2025 12:57,61.92,1011.18,37.06
18/03/2025 12:58,62.31,1011.13,36.96
18/03/2025 12:59,62.64,1011.19,36.71
18/03/2025 13:00,61.86,1011.17,37.02
18/03/2025 13:01,62.54,1011.14,36.89
18/03/2025 13:02,62.54,1011.12,36.78
18/03/2025 13:03,62.61,1011.05,36.78
18/03/2025 13:04,62.12,1011.02,36.96
18/03/2025 13:05,61.87,1011.05,36.91
18/03/2025 13:06,61.72,1011.01,37.21
18/03/2025 13:07,61.24,1011.03,37.28
18/03/2025 13:08,61.76,1010.97,37.11
18/03/2025 13:09,61.9,1011,36.91
18/03/2025 13:10,62,1010.94,37.08
18/03/2025 13:11,61.62,1010.95,37.25
18/03/2025 13:12,62.12,1010.94,37.02
18/03/2025 13:13,61.86,1010.93,37.13
18/03/2025 13:14,61.41,1010.93,37.37
18/03/2025 13:15,62.3,1010.88,36.93
18/03/2025 13:16,61.24,1010.96,37.48
18/03/2025 13:17,61.21,1010.92,37.32
18/03/2025 13:18,61.43,1010.91,37.27
18/03/2025 13:19,61.24,1010.91,37.4
18/03/2025 13:20,61.81,1010.9,37.01
18/03/2025 13:21,62.12,1010.89,36.88
18/03/2025 13:22,61.94,1010.85,37.09
18/03/2025 13:23,61.77,1010.8,37.25
18/03/2025 13:24,62.44,1010.79,36.85
18/03/2025 13:25,62.03,1010.77,37.02
18/03/2025 13:26,61.68,1010.78,37.2
18/03/2025 13:27,62.75,1010.78,36.71
18/03/2025 13:28,63.14,1010.79,36.67
18/03/2025 13:29,62.58,1010.72,36.74
18/03/2025 13:30,62.68,1010.73,36.71
18/03/2025 13:31,62.2,1010.75,37.05
18/03/2025 13:32,62.24,1010.7,37.01
18/03/2025 13:33,63.01,1010.74,36.61
18/03/2025 13:34,63.01,1010.69,36.69
18/03/2025 13:35,62.33,1010.63,36.89
18/03/2025 13:36,62.58,1010.61,36.9
18/03/2025 13:37,62.64,1010.56,36.78
18/03/2025 13:38,62.15,1010.54,37.05
18/03/2025 13:39,62.04,1010.52,37.14
18/03/2025 13:40,62.19,1010.49,36.88
18/03/2025 13:41,61.88,1010.5,37.22
18/03/2025 13:42,62.16,1010.48,37.02
18/03/2025 13:43,61.72,1010.47,37.21
18/03/2025 13:44,62.69,1010.47,36.81
18/03/2025 13:45,62.08,1010.43,37.07
18/03/2025 13:46,62.17,1010.4,37.1
18/03/2025 13:47,61.53,1010.4,37.23
18/03/2025 13:48,61.69,1010.32,37.21
18/03/2025 13:49,61.57,1010.35,37.26
18/03/2025 13:50,61.76,1010.26,37.17
18/03/2025 13:51,62.06,1010.26,37.02
18/03/2025 13:52,61.61,1010.23,37.19
18/03/2025 13:53,62.27,1010.21,37.04
18/03/2025 13:54,62.01,1010.25,37.09
18/03/2025 13:55,62.48,1010.22,36.97
18/03/2025 13:56,63.01,1010.24,36.86
18/03/2025 13:57,62.91,1010.23,36.81
18/03/2025 13:58,62.57,1010.22,36.97
18/03/2025 13:59,62.24,1010.22,37.16
18/03/2025 14:00,62.01,1010.21,37.37
18/03/2025 14:01,62.38,1010.21,36.98
18/03/2025 14:02,62.37,1010.18,37.12
18/03/2025 14:03,62.42,1010.18,37.06
18/03/2025 14:04,62.93,1010.18,36.85
18/03/2025 14:05,62.71,1010.14,36.94
18/03/2025 14:06,62.7,1010.11,37.02
18/03/2025 14:07,62.39,1010.1,37.05
18/03/2025 14:08,62.04,1010.15,37.31
18/03/2025 14:09,62.6,1010.08,37.04
18/03/2025 14:10,62.64,1010.05,37.04
18/03/2025 14:11,62.63,1010.05,37
18/03/2025 14:12,63.09,1010.03,36.78
18/03/2025 14:13,62.31,1010,37.1
18/03/2025 14:14,62.1,1010,37.12
18/03/2025 14:15,63.15,1009.99,36.68
18/03/2025 14:16,62.92,1010,36.77
18/03/2025 14:17,62.93,1009.98,36.92
18/03/2025 14:18,62.57,1009.94,37
18/03/2025 14:19,62.4,1010.01,37.03
18/03/2025 14:20,61.99,1009.97,37.24
18/03/2025 14:21,62.27,1009.93,37.02
18/03/2025 14:22,61.89,1009.87,37.17
18/03/2025 14:23,61.24,1009.82,37.53
18/03/2025 14:24,61.33,1009.78,37.34
18/03/2025 14:25,61.67,1009.77,37.43
18/03/2025 14:26,62.3,1009.76,36.96
18/03/2025 14:27,62.65,1009.78,36.89
18/03/2025 14:28,62.52,1009.81,36.94
18/03/2025 14:29,61.59,1009.82,37.28
18/03/2025 14:30,62.22,1009.79,36.99
18/03/2025 14:31,62.37,1009.77,36.98
18/03/2025 14:32,62.12,1009.75,36.96
18/03/2025 14:33,62.38,1009.74,36.82
18/03/2025 14:34,62.43,1009.76,36.72
18/03/2025 14:35,61.81,1009.7,37.14
18/03/2025 14:36,61.41,1009.75,37.16
18/03/2025 14:37,62.06,1009.7,36.93
18/03/2025 14:38,61.78,1009.68,36.98
18/03/2025 14:39,62.03,1009.71,36.95
18/03/2025 14:40,61.14,1009.67,37.25
18/03/2025 14:41,61.45,1009.64,37.02
18/03/2025 14:42,61.36,1009.61,37.16
18/03/2025 14:43,61.16,1009.62,37.16
18/03/2025 14:44,62.42,1009.62,36.58
18/03/2025 14:45,61.49,1009.62,37.22
18/03/2025 14:46,61.59,1009.63,37.05
18/03/2025 14:47,61.69,1009.63,37.02
18/03/2025 14:48,61.8,1009.59,36.99
18/03/2025 14:49,61.34,1009.62,37.23
18/03/2025 14:50,61.7,1009.59,37.01
18/03/2025 14:51,61.02,1009.54,37.24
18/03/2025 14:52,61.58,1009.48,37.01
18/03/2025 14:53,61.18,1009.49,37.37
18/03/2025 14:54,61.82,1009.53,36.89
18/03/2025 14:55,61.65,1009.51,37.17
18/03/2025 14:56,61.68,1009.49,37.02
18/03/2025 14:57,61.82,1009.5,36.99
18/03/2025 14:58,61.3,1009.47,37.38
18/03/2025 14:59,61.85,1009.47,37.19
18/03/2025 15:00,60.97,1009.51,37.4
18/03/2025 15:01,61.09,1009.44,37.34
18/03/2025 15:02,61.5,1009.4,37.29
18/03/2025 15:03,61.71,1009.42,37.32
18/03/2025 15:04,61.2,1009.43,37.45
18/03/2025 15:05,60.96,1009.44,37.62
18/03/2025 15:06,60.93,1009.37,37.42
18/03/2025 15:07,61.05,1009.3,37.36
18/03/2025 15:08,61.55,1009.31,37.13
18/03/2025 15:09,61.68,1009.28,37.02
18/03/2025 15:10,61.98,1009.33,36.91
18/03/2025 15:11,61.96,1009.31,36.81
18/03/2025 15:12,61.68,1009.31,36.92
18/03/2025 15:13,61.85,1009.36,36.84
18/03/2025 15:14,61.94,1009.32,36.78
18/03/2025 15:15,61.81,1009.35,36.79
18/03/2025 15:16,61,1009.38,37.2
18/03/2025 15:17,61.83,1009.4,36.57
18/03/2025 15:18,60.72,1009.34,37.1
18/03/2025 15:19,61.09,1009.36,37.03
18/03/2025 15:20,61.53,1009.36,36.88
18/03/2025 15:21,61.58,1009.32,36.7
18/03/2025 15:22,61.97,1009.28,36.61
18/03/2025 15:23,61.71,1009.21,36.75
18/03/2025 15:24,61.74,1009.25,36.67
18/03/2025 15:25,61.95,1009.24,36.68
18/03/2025 15:26,61.71,1009.23,36.85
18/03/2025 15:27,61.86,1009.23,36.74
18/03/2025 15:28,61.39,1009.23,37.01
18/03/2025 15:29,61.38,1009.26,36.93
18/03/2025 15:30,62.07,1009.29,36.57
18/03/2025 15:31,61.92,1009.26,36.69
18/03/2025 15:32,61.83,1009.25,36.75
18/03/2025 15:33,61.47,1009.24,36.82
18/03/2025 15:34,61.56,1009.27,36.78
18/03/2025 15:46,63.82,1009.25,35.77
18/03/2025 15:47,62.4,1009.16,36.51
18/03/2025 15:48,61.4,1009.15,36.92
18/03/2025 15:49,61.03,1009.18,37.09
18/03/2025 15:50,61.27,1009.19,36.79
18/03/2025 15:51,60.96,1009.16,36.96
18/03/2025 15:52,60.97,1009.18,36.93
18/03/2025 15:53,61.4,1009.22,36.9
18/03/2025 15:54,61.42,1009.25,36.64
18/03/2025 15:55,61.58,1009.22,36.74
18/03/2025 15:56,61.67,1009.3,36.6
18/03/2025 15:57,61.69,1009.3,36.78
18/03/2025 15:58,61.83,1009.23,36.52
18/03/2025 15:59,61.66,1009.24,36.69
18/03/2025 16:00,61.6,1009.19,36.73
18/03/2025 16:01,61.43,1009.15,36.75
18/03/2025 16:02,61.84,1009.21,36.59
18/03/2025 16:03,61.17,1009.21,36.83
18/03/2025 16:04,61.76,1009.24,36.55
18/03/2025 16:05,61.81,1009.26,36.65
18/03/2025 16:06,61.63,1009.31,36.58
18/03/2025 16:07,62.18,1009.29,36.35
18/03/2025 16:08,61.88,1009.32,36.56
18/03/2025 16:09,61.34,1009.34,36.84
18/03/2025 16:10,61.48,1009.33,36.69
18/03/2025 16:11,61.84,1009.3,36.51
18/03/2025 16:12,61.76,1009.27,36.52
18/03/2025 16:13,61.55,1009.31,36.58
18/03/2025 16:14,62,1009.29,36.52
18/03/2025 16:15,61.22,1009.29,36.91
18/03/2025 16:16,61.36,1009.25,36.79
18/03/2025 16:17,61.63,1009.21,36.61
18/03/2025 16:18,61.04,1009.22,36.96
18/03/2025 16:19,61.33,1009.23,36.83
18/03/2025 16:20,61.09,1009.19,36.84
18/03/2025 16:21,61.78,1009.2,36.64
18/03/2025 16:22,61.96,1009.18,36.51
18/03/2025 16:23,61.7,1009.17,36.69
18/03/2025 16:24,61.61,1009.18,36.64
18/03/2025 16:25,61.74,1009.19,36.58
18/03/2025 16:26,61.52,1009.18,36.63
18/03/2025 16:27,61.68,1009.17,36.51
18/03/2025 16:28,61.83,1009.14,36.55
18/03/2025 16:29,62.27,1009.16,36.34
18/03/2025 16:30,62.36,1009.16,36.35
18/03/2025 16:31,62.38,1009.15,36.3
18/03/2025 16:32,62.69,1009.15,36.1
18/03/2025 16:33,62.1,1009.17,36.5
18/03/2025 16:34,62.45,1009.17,36.27
18/03/2025 16:35,62.25,1009.2,36.4
18/03/2025 16:36,62.19,1009.23,36.55
18/03/2025 16:37,61.87,1009.21,36.61
18/03/2025 16:38,62.14,1009.21,36.66
18/03/2025 16:39,59.63,1009.17,38.05
18/03/2025 16:40,56.95,1009.1,39.65
18/03/2025 16:41,54.64,1009.04,40.93
18/03/2025 16:42,52.6,1009.06,41.9
18/03/2025 16:43,51.06,1009.04,42.6
18/03/2025 16:44,49.89,1009.02,43.13
18/03/2025 16:45,49.2,1008.99,43.54
18/03/2025 16:46,48.51,1008.93,43.86
18/03/2025 16:47,47.95,1008.92,44.09
18/03/2025 16:48,47.47,1008.96,44.3
18/03/2025 16:49,46.99,1008.92,44.51
18/03/2025 16:50,46.73,1008.94,44.61
18/03/2025 16:51,46.65,1008.96,44.72
18/03/2025 16:52,46.45,1008.93,44.74
18/03/2025 16:53,46.4,1008.94,44.79
18/03/2025 16:54,46.45,1008.91,44.88
18/03/2025 16:55,46.26,1008.93,44.89
18/03/2025 16:56,46.31,1008.92,44.88
18/03/2025 16:57,46.23,1008.88,44.85
18/03/2025 16:58,46.25,1008.93,44.9
18/03/2025 16:59,46.23,1008.96,44.9
18/03/2025 17:00,46.2,1008.99,44.94
18/03/2025 17:01,46.19,1008.98,44.95
18/03/2025 17:02,46.2,1009,44.97
18/03/2025 17:03,46.22,1008.95,44.96
18/03/2025 17:04,46.18,1008.9,44.97
18/03/2025 17:05,46.13,1008.91,45
18/03/2025 17:06,46.17,1008.9,45
18/03/2025 17:07,46.07,1008.9,45.04
18/03/2025 17:08,46.1,1008.92,45.05
18/03/2025 17:09,46.06,1008.93,45.08
18/03/2025 17:10,45.91,1008.89,45.08
18/03/2025 17:11,45.75,1008.91,45.12
18/03/2025 17:12,45.56,1008.88,45.11
18/03/2025 17:13,45.53,1008.89,45.14
18/03/2025 17:14,45.71,1008.88,45.06
18/03/2025 17:15,45.75,1008.92,45.06
18/03/2025 17:16,45.88,1008.88,45.01
18/03/2025 17:17,45.79,1008.93,45.04
18/03/2025 17:18,45.83,1008.92,45.01
18/03/2025 17:19,45.91,1008.94,45
18/03/2025 17:20,45.93,1008.91,45
18/03/2025 17:21,45.93,1008.95,44.99
18/03/2025 17:22,45.93,1008.96,44.96
18/03/2025 17:23,45.97,1008.92,45.03
18/03/2025 17:24,45.92,1008.96,44.99
18/03/2025 17:25,45.92,1008.93,45.01
18/03/2025 17:26,45.89,1008.91,45
18/03/2025 17:27,45.86,1008.93,45.08
18/03/2025 17:28,45.82,1008.93,45.09
18/03/2025 17:29,45.7,1008.98,45.09
18/03/2025 17:30,45.82,1008.95,45.09
18/03/2025 17:31,45.89,1008.97,45.06
18/03/2025 17:32,45.91,1008.96,45.03
18/03/2025 17:33,45.86,1008.95,45.04
18/03/2025 17:34,45.88,1008.98,45.01
18/03/2025 17:35,45.87,1008.95,45.04
18/03/2025 17:36,45.9,1009.02,45.01
18/03/2025 17:37,45.79,1009.01,45
18/03/2025 17:38,45.82,1009.01,45.01
18/03/2025 17:39,45.86,1008.98,45.02
18/03/2025 17:40,45.67,1008.96,45.04
18/03/2025 17:41,45.52,1008.94,45.1
18/03/2025 17:42,45.45,1008.93,45.1
18/03/2025 17:43,45.41,1008.94,45.1
18/03/2025 17:44,45.4,1008.95,45.1
18/03/2025 17:45,45.28,1009.02,45.18
18/03/2025 17:46,45.37,1009.02,45.13
18/03/2025 17:47,45.38,1009.03,45.14
18/03/2025 17:48,45.5,1009,45.12
18/03/2025 17:49,45.5,1009.01,45.12
18/03/2025 17:50,45.56,1008.99,45.08
18/03/2025 17:51,45.53,1008.98,45.08
18/03/2025 17:52,45.6,1008.99,45.03
18/03/2025 17:53,45.66,1009.04,45.01
18/03/2025 17:54,45.67,1009.01,45
18/03/2025 17:55,45.66,1009.05,45.02
18/03/2025 17:56,45.69,1009.07,45.07
18/03/2025 17:57,45.72,1009.04,45.1
18/03/2025 17:58,45.75,1009.07,44.97
18/03/2025 17:59,45.73,1009.07,45
18/03/2025 18:00,45.79,1009.11,45.03
18/03/2025 18:01,45.68,1009.02,45.11
18/03/2025 18:02,45.62,1009.06,45.15
18/03/2025 18:03,45.57,1009.12,45.17
18/03/2025 18:04,45.63,1009.08,45.17
18/03/2025 18:05,45.74,1009.1,45.13
18/03/2025 18:06,45.73,1009.14,45.13
18/03/2025 18:07,45.61,1009.17,45.17
18/03/2025 18:08,45.57,1009.21,45.16
18/03/2025 18:09,45.54,1009.23,45.19
18/03/2025 18:10,45.52,1009.26,45.21
18/03/2025 18:11,45.47,1009.31,45.18
18/03/2025 18:12,45.58,1009.37,45.14
18/03/2025 18:13,45.67,1009.36,45.1
18/03/2025 18:14,45.71,1009.37,45.06
18/03/2025 18:15,45.81,1009.39,45.04
18/03/2025 18:16,45.8,1009.39,45.07
18/03/2025 18:17,45.79,1009.36,45.04
18/03/2025 18:18,45.85,1009.39,45.1
18/03/2025 18:19,45.73,1009.36,45.13
18/03/2025 18:20,45.7,1009.32,45.15
18/03/2025 18:21,45.75,1009.37,45.16
18/03/2025 18:22,45.68,1009.35,45.15
18/03/2025 18:23,45.63,1009.39,45.1
18/03/2025 18:24,45.75,1009.4,45.08
18/03/2025 18:25,45.82,1009.4,45.06
18/03/2025 18:26,45.87,1009.43,44.99
18/03/2025 18:27,45.94,1009.41,44.96
18/03/2025 18:28,45.94,1009.45,44.97
18/03/2025 18:29,45.95,1009.43,45.02
18/03/2025 18:30,45.92,1009.46,45.03
18/03/2025 18:31,45.92,1009.49,45.06
18/03/2025 18:32,45.82,1009.46,45.1
18/03/2025 18:33,45.87,1009.5,45.1
18/03/2025 18:34,45.86,1009.5,45.09
18/03/2025 18:35,45.72,1009.49,45.13
18/03/2025 18:36,45.71,1009.49,45.18
18/03/2025 18:37,45.59,1009.53,45.18
18/03/2025 18:38,45.63,1009.54,45.16
18/03/2025 18:39,45.69,1009.56,45.15
18/03/2025 18:40,45.76,1009.53,45.16
18/03/2025 18:41,45.79,1009.54,45.14
18/03/2025 18:42,45.87,1009.55,45.14
18/03/2025 18:43,45.81,1009.57,45.13
18/03/2025 18:44,45.85,1009.55,45.14
18/03/2025 18:45,45.91,1009.55,45.11
18/03/2025 18:46,45.91,1009.57,45.09
18/03/2025 18:47,45.95,1009.58,45.06
18/03/2025 18:48,46,1009.62,45.08
18/03/2025 18:49,46.05,1009.6,45.07
18/03/2025 18:50,46.04,1009.58,45.06
18/03/2025 18:51,46.08,1009.62,45.09
18/03/2025 18:52,46.05,1009.59,45.1
18/03/2025 18:53,46.07,1009.62,45.13
18/03/2025 18:54,46.08,1009.59,45.12
18/03/2025 18:55,46.04,1009.63,45.16
18/03/2025 18:56,46.06,1009.66,45.12
18/03/2025 18:57,46.05,1009.65,45.16
18/03/2025 18:58,46.07,1009.74,45.15
18/03/2025 18:59,46.12,1009.76,45.15
18/03/2025 19:00,46.14,1009.73,45.17
18/03/2025 19:01,46.16,1009.74,45.2
18/03/2025 19:02,46.15,1009.76,45.19
18/03/2025 19:03,46.19,1009.78,45.17
18/03/2025 19:04,46.13,1009.81,45.16
18/03/2025 19:05,46.21,1009.83,45.14
18/03/2025 19:06,46.21,1009.82,45.15
18/03/2025 19:07,46.29,1009.86,45.1
18/03/2025 19:08,46.33,1009.86,45.12
18/03/2025 19:09,46.31,1009.92,45.17
18/03/2025 19:10,46.3,1009.94,45.14
18/03/2025 19:11,46.34,1009.99,45.12
18/03/2025 19:12,46.35,1009.99,45.11
18/03/2025 19:13,46.38,1010.02,45.12
18/03/2025 19:14,46.43,1010.05,45.07
18/03/2025 19:15,46.53,1010.04,45.01
18/03/2025 19:16,46.6,1010.08,45
18/03/2025 19:17,46.62,1010.05,44.98
18/03/2025 19:18,46.61,1010.07,45.02
18/03/2025 19:19,46.64,1010.08,44.99
18/03/2025 19:20,46.64,1010.12,44.99
18/03/2025 19:21,46.61,1010.13,45.03
18/03/2025 19:22,46.59,1010.17,45.09
18/03/2025 19:23,46.54,1010.21,45.1
18/03/2025 19:24,46.47,1010.2,45.13
18/03/2025 19:25,46.49,1010.22,45.14
18/03/2025 19:26,46.49,1010.22,45.17
18/03/2025 19:27,46.45,1010.27,45.16
18/03/2025 19:28,46.43,1010.26,45.17
18/03/2025 19:29,46.42,1010.31,45.18
18/03/2025 19:30,46.45,1010.33,45.16
18/03/2025 19:31,46.5,1010.35,45.14
18/03/2025 19:32,46.51,1010.41,45.11
18/03/2025 19:33,46.53,1010.39,45.13
18/03/2025 19:34,46.59,1010.42,45.14
18/03/2025 19:35,46.58,1010.48,45.12
18/03/2025 19:36,46.59,1010.45,45.12
18/03/2025 19:37,46.63,1010.45,45.1
18/03/2025 19:38,46.6,1010.47,45.11
18/03/2025 19:39,46.64,1010.5,45.08
18/03/2025 19:40,46.68,1010.51,45.06
18/03/2025 19:41,46.64,1010.52,45.08
18/03/2025 19:42,46.62,1010.49,45.1
18/03/2025 19:43,46.64,1010.53,45.1
18/03/2025 19:44,46.59,1010.48,45.12
18/03/2025 19:45,46.6,1010.49,45.1
18/03/2025 19:46,46.68,1010.54,45.03
18/03/2025 19:47,46.7,1010.54,45.04
18/03/2025 19:48,46.77,1010.57,45.04
18/03/2025 19:49,46.75,1010.58,45.07
18/03/2025 19:50,46.82,1010.57,45.03
18/03/2025 19:51,46.85,1010.58,45.03
18/03/2025 19:52,46.85,1010.61,45.04
18/03/2025 19:53,46.84,1010.6,45.01
18/03/2025 19:54,46.89,1010.62,45.01
18/03/2025 19:55,46.86,1010.62,45.06
18/03/2025 19:56,46.88,1010.61,45.08
18/03/2025 19:57,46.85,1010.64,45.05
18/03/2025 19:58,46.87,1010.65,45.05
18/03/2025 19:59,46.91,1010.69,45.06
18/03/2025 20:00,46.95,1010.74,45.04
18/03/2025 20:01,46.92,1010.74,45.06
18/03/2025 20:02,46.88,1010.77,45.09
18/03/2025 20:03,46.87,1010.82,45.06
18/03/2025 20:04,46.94,1010.82,45.07
18/03/2025 20:05,46.86,1010.85,45.06
18/03/2025 20:06,46.83,1010.86,45.1
18/03/2025 20:07,46.94,1010.89,45.07
18/03/2025 20:08,46.99,1010.88,45.05
18/03/2025 20:09,47,1010.93,45
18/03/2025 20:10,46.98,1010.93,45.02
18/03/2025 20:11,47.08,1010.95,44.96
18/03/2025 20:12,47.17,1010.99,44.96
18/03/2025 20:13,47.07,1011,44.96
18/03/2025 20:14,47.13,1011.02,44.95
18/03/2025 20:16,54.31,1011.23,40.58
18/03/2025 20:17,57.94,1011.27,38.82
18/03/2025 20:18,60.19,1011.28,37.76
18/03/2025 20:19,60.89,1011.28,37.6
18/03/2025 20:20,61.49,1011.33,37.45
18/03/2025 20:21,62.31,1011.36,37.03
18/03/2025 20:22,62.65,1011.34,36.99
18/03/2025 20:23,62.36,1011.35,37.17
18/03/2025 20:24,61.88,1011.33,37.38
18/03/2025 20:25,61.79,1011.36,37.4
18/03/2025 20:26,62.47,1011.36,37.13
18/03/2025 20:27,62.54,1011.38,37.16
18/03/2025 20:28,62.28,1011.41,37.2
18/03/2025 20:29,63,1011.49,36.87
18/03/2025 20:30,62.97,1011.51,36.94
18/03/2025 20:31,62.84,1011.54,37.01
18/03/2025 20:32,63.3,1011.56,36.93
18/03/2025 20:33,63.16,1011.58,37.01
18/03/2025 20:34,63.76,1011.62,36.69
18/03/2025 20:35,63.25,1011.59,36.92
18/03/2025 20:36,62.95,1011.64,36.99
18/03/2025 20:37,63.02,1011.67,37.04
18/03/2025 20:38,62.91,1011.64,37.14
18/03/2025 20:39,62.46,1011.7,37.09
18/03/2025 20:40,63.05,1011.71,37.04
18/03/2025 20:41,63.45,1011.71,36.84
18/03/2025 20:42,62.71,1011.75,37.33
18/03/2025 20:43,62.5,1011.67,37.38
18/03/2025 20:44,62.44,1011.76,37.26
18/03/2025 20:45,62.62,1011.77,37.29
18/03/2025 20:46,62.8,1011.71,37.09
18/03/2025 20:47,62.62,1011.74,37.31
18/03/2025 20:48,62.14,1011.74,37.5
18/03/2025 20:49,62.21,1011.81,37.28
18/03/2025 20:50,62.43,1011.79,37.2
18/03/2025 20:51,62.69,1011.79,37.19
18/03/2025 20:52,62.36,1011.8,37.22
18/03/2025 20:53,62.18,1011.83,37.41
18/03/2025 20:54,62.85,1011.84,36.94
18/03/2025 20:55,62.8,1011.86,37.18
18/03/2025 20:56,62.38,1011.89,37.45
18/03/2025 20:57,62.51,1011.91,37.4
18/03/2025 20:58,62.06,1011.97,37.48
18/03/2025 20:59,62.34,1011.95,37.43
18/03/2025 21:00,62.37,1011.98,37.29
18/03/2025 21:01,62.42,1011.95,37.43
18/03/2025 21:02,62.44,1012.05,37.38
18/03/2025 21:03,62.95,1012.07,37.2
18/03/2025 21:04,62.53,1012.08,37.4
18/03/2025 21:05,62.36,1012.08,37.49
18/03/2025 21:06,62.55,1012.14,37.45
18/03/2025 21:07,62.58,1012.2,37.34
18/03/2025 21:08,62.52,1012.23,37.56
18/03/2025 21:09,63.13,1012.28,37.17
18/03/2025 21:10,63.48,1012.33,37.08
18/03/2025 21:11,63.1,1012.37,37.15
18/03/2025 21:12,62.9,1012.36,37.35
18/03/2025 21:13,63.23,1012.36,37.2
18/03/2025 21:14,63.2,1012.41,37.12
18/03/2025 21:15,63.27,1012.44,37.24
18/03/2025 21:16,63.05,1012.42,37.28
18/03/2025 21:17,62.85,1012.49,37.35
18/03/2025 21:18,63.17,1012.49,37.3
18/03/2025 21:19,62.71,1012.54,37.33
18/03/2025 21:20,62.23,1012.49,37.46
18/03/2025 21:21,62.47,1012.51,37.53
18/03/2025 21:22,62.76,1012.55,37.29
18/03/2025 21:23,63.11,1012.58,37.13
18/03/2025 21:24,63.93,1012.59,36.83
18/03/2025 21:25,64.17,1012.58,36.71
18/03/2025 21:26,64.07,1012.59,36.71
18/03/2025 21:27,64.3,1012.56,36.57
18/03/2025 21:28,64.07,1012.61,36.74
18/03/2025 21:29,64.68,1012.61,36.47
18/03/2025 21:30,64.26,1012.59,36.64
18/03/2025 21:31,63.41,1012.62,36.93
18/03/2025 21:32,63.41,1012.66,36.88
18/03/2025 21:33,63.86,1012.66,36.75
18/03/2025 21:34,63.96,1012.67,36.61
18/03/2025 21:35,64.3,1012.72,36.52
18/03/2025 21:36,63.8,1012.73,36.76
18/03/2025 21:37,63.76,1012.72,36.79
18/03/2025 21:38,63.83,1012.7,36.73
18/03/2025 21:39,63.76,1012.74,36.71
18/03/2025 21:40,63.96,1012.78,36.58
18/03/2025 21:41,63.32,1012.78,36.85
18/03/2025 21:42,63.95,1012.79,36.69
18/03/2025 21:43,64.26,1012.8,36.52
18/03/2025 21:44,64.26,1012.84,36.49
18/03/2025 21:45,63.95,1012.8,36.71
18/03/2025 21:46,63.82,1012.81,36.64
18/03/2025 21:47,63.73,1012.82,36.73
18/03/2025 21:48,62.49,1012.81,37.38
18/03/2025 21:49,62.54,1012.84,37.15
18/03/2025 21:50,63.19,1012.81,36.98
18/03/2025 21:51,64.05,1012.84,36.61
18/03/2025 21:52,63.82,1012.79,36.69
18/03/2025 21:53,63.69,1012.84,36.79
18/03/2025 21:54,63.81,1012.87,36.69
18/03/2025 21:55,64.12,1012.85,36.58
18/03/2025 21:56,63.65,1012.84,36.6
18/03/2025 21:57,63.89,1012.88,36.65
18/03/2025 21:58,63.8,1012.87,36.72
18/03/2025 21:59,63.76,1012.87,36.67
18/03/2025 22:00,64.2,1012.89,36.47
18/03/2025 22:01,64.28,1012.93,36.47
18/03/2025 22:02,64.29,1012.92,36.35
18/03/2025 22:03,63.55,1012.95,36.67
18/03/2025 22:04,63.03,1012.97,36.95
18/03/2025 22:05,62.72,1012.94,37.02
18/03/2025 22:06,62.76,1013,36.99
18/03/2025 22:07,62.83,1013.02,37.06
18/03/2025 22:08,62.89,1013.05,36.94
18/03/2025 22:09,63.17,1013.06,36.83
18/03/2025 22:10,63.45,1013.08,36.7
18/03/2025 22:11,63.68,1013.1,36.62
18/03/2025 22:12,63.85,1013.1,36.56
18/03/2025 22:13,64.1,1013.11,36.49
18/03/2025 22:14,64.12,1013.15,36.59
18/03/2025 22:15,63.56,1013.16,36.75
18/03/2025 22:16,63.63,1013.13,36.7
18/03/2025 22:17,63.97,1013.14,36.58
18/03/2025 22:18,63.87,1013.12,36.66
18/03/2025 22:19,63.46,1013.18,36.94
18/03/2025 22:20,63.86,1013.18,36.64
18/03/2025 22:21,64.28,1013.19,36.47
18/03/2025 22:22,63.67,1013.2,36.77
18/03/2025 22:23,64.04,1013.2,36.66
18/03/2025 22:24,63.4,1013.22,36.89
18/03/2025 22:25,63.79,1013.21,36.66
18/03/2025 22:26,63.67,1013.25,36.8
18/03/2025 22:27,64.02,1013.25,36.62
18/03/2025 22:28,64.25,1013.26,36.58
18/03/2025 22:29,63.81,1013.27,36.65
18/03/2025 22:30,63.82,1013.24,36.75
18/03/2025 22:31,64.01,1013.25,36.57
18/03/2025 22:32,63.53,1013.24,36.88
18/03/2025 22:33,63.35,1013.3,37
18/03/2025 22:34,63.37,1013.33,36.92
18/03/2025 22:35,63.61,1013.35,36.82
18/03/2025 22:36,63.93,1013.34,36.87
18/03/2025 22:37,63.86,1013.32,36.67
18/03/2025 22:38,64.28,1013.35,36.58
18/03/2025 22:39,64.66,1013.33,36.56
18/03/2025 22:40,64.24,1013.31,36.79
18/03/2025 22:41,64.52,1013.35,36.64
18/03/2025 22:42,63.89,1013.36,36.83
18/03/2025 22:43,63.83,1013.35,36.79
18/03/2025 22:44,63.57,1013.37,37.12
18/03/2025 22:45,64.17,1013.37,36.79
18/03/2025 22:46,64.54,1013.4,36.61
18/03/2025 22:47,64.44,1013.36,36.65
18/03/2025 22:48,64.4,1013.37,36.73
18/03/2025 22:49,64.61,1013.3,36.58
18/03/2025 22:50,64.17,1013.28,36.8
18/03/2025 22:51,64.61,1013.29,36.69
18/03/2025 22:52,63.96,1013.3,36.85
18/03/2025 22:53,63.94,1013.33,36.87
18/03/2025 22:54,63.54,1013.33,37
18/03/2025 22:55,64.43,1013.31,36.65
18/03/2025 22:56,64.65,1013.3,36.61
18/03/2025 22:57,65.01,1013.28,36.41
18/03/2025 22:58,64.46,1013.3,36.64
18/03/2025 22:59,64.47,1013.25,36.61
18/03/2025 23:00,64.34,1013.27,36.71
18/03/2025 23:01,64.48,1013.23,36.67
18/03/2025 23:02,64.21,1013.24,36.69
18/03/2025 23:03,64.47,1013.26,36.71
18/03/2025 23:04,64.66,1013.23,36.54
18/03/2025 23:05,64.59,1013.24,36.59
18/03/2025 23:06,64.14,1013.31,36.84
18/03/2025 23:07,64.41,1013.3,36.65
18/03/2025 23:08,64.06,1013.32,36.82
18/03/2025 23:09,64.61,1013.33,36.64
18/03/2025 23:10,64.65,1013.32,36.67
18/03/2025 23:11,64.78,1013.32,36.58
18/03/2025 23:12,65.16,1013.31,36.45
18/03/2025 23:13,65.07,1013.31,36.5
18/03/2025 23:14,64.6,1013.29,36.62
18/03/2025 23:15,64.6,1013.3,36.73
18/03/2025 23:16,64.99,1013.31,36.68
18/03/2025 23:17,65.21,1013.33,36.4
18/03/2025 23:18,65.35,1013.33,36.5
18/03/2025 23:19,65.13,1013.36,36.51
18/03/2025 23:20,65.57,1013.35,36.42
18/03/2025 23:21,65.27,1013.38,36.59
18/03/2025 23:22,65.41,1013.39,36.51
18/03/2025 23:23,65.44,1013.36,36.48
18/03/2025 23:24,65.94,1013.43,36.3
18/03/2025 23:25,65.48,1013.44,36.5
18/03/2025 23:26,65.24,1013.42,36.59
18/03/2025 23:27,65.27,1013.41,36.58
18/03/2025 23:28,65.31,1013.46,36.56
18/03/2025 23:29,65.31,1013.46,36.57
18/03/2025 23:30,65.48,1013.49,36.47
18/03/2025 23:31,66.14,1013.49,36.24
18/03/2025 23:32,65.6,1013.44,36.46
18/03/2025 23:33,65.53,1013.46,36.54
18/03/2025 23:34,65.57,1013.44,36.45
18/03/2025 23:35,65.96,1013.5,36.3
18/03/2025 23:36,65.9,1013.51,36.24
18/03/2025 23:37,65.84,1013.51,36.46
18/03/2025 23:38,65.49,1013.49,36.51
18/03/2025 23:39,65.69,1013.52,36.39
18/03/2025 23:40,65.5,1013.5,36.54
18/03/2025 23:41,65.49,1013.49,36.49
18/03/2025 23:42,65.82,1013.43,36.47
18/03/2025 23:43,65.52,1013.48,36.67
18/03/2025 23:44,66.52,1013.5,36.32
18/03/2025 23:45,66.93,1013.47,36.28
18/03/2025 23:46,67.47,1013.51,36.11
18/03/2025 23:47,67.08,1013.52,36.32
18/03/2025 23:48,67.5,1013.51,36.08
18/03/2025 23:49,67.16,1013.53,36.37
18/03/2025 23:50,66.6,1013.51,36.43
18/03/2025 23:51,67.75,1013.52,36.06
18/03/2025 23:52,68.2,1013.52,35.9
18/03/2025 23:53,67.79,1013.51,36.14
18/03/2025 23:54,67.95,1013.45,36.07
18/03/2025 23:55,66.96,1013.48,36.43
18/03/2025 23:56,67.22,1013.44,36.28
18/03/2025 23:57,68.16,1013.54,35.91
18/03/2025 23:58,68.28,1013.52,35.92
18/03/2025 23:59,67.35,1013.49,36.24
19/03/2025 00:00,67.32,1013.5,36.29
19/03/2025 00:01,67.25,1013.53,36.34
19/03/2025 00:02,66.73,1013.49,36.63
19/03/2025 00:03,67.11,1013.57,36.48
19/03/2025 00:04,66.96,1013.48,36.44
19/03/2025 00:05,67.49,1013.48,36.23
19/03/2025 00:06,68.05,1013.52,35.93
19/03/2025 00:07,67.66,1013.51,36.2
19/03/2025 00:08,68.25,1013.51,35.9
19/03/2025 00:09,68.11,1013.5,36.02
19/03/2025 00:10,67.46,1013.48,36.28
19/03/2025 00:11,67.73,1013.51,36.16
19/03/2025 00:12,67.43,1013.54,36.25
19/03/2025 00:13,67.15,1013.47,36.18
19/03/2025 00:14,66.86,1013.48,36.57
19/03/2025 00:15,67.57,1013.41,36.21
19/03/2025 00:16,67.2,1013.45,36.39
19/03/2025 00:17,67.09,1013.46,36.39
19/03/2025 00:18,67.81,1013.43,36.02
19/03/2025 00:19,66.95,1013.38,36.46
19/03/2025 00:20,67.38,1013.4,36.16
19/03/2025 00:21,67.87,1013.38,36.12
19/03/2025 00:22,67.74,1013.4,36.06
19/03/2025 00:23,67.54,1013.35,36.32
19/03/2025 00:24,66.95,1013.36,36.4
19/03/2025 00:25,67.3,1013.37,36.23
19/03/2025 00:26,66.68,1013.35,36.39
19/03/2025 00:27,67.74,1013.37,35.99
19/03/2025 00:28,67.37,1013.35,36.19
19/03/2025 00:29,67.79,1013.37,36
19/03/2025 00:30,67.4,1013.35,36.12
19/03/2025 00:31,67.86,1013.34,35.94
19/03/2025 00:32,67.6,1013.32,36.11
19/03/2025 00:33,67.8,1013.32,35.96
19/03/2025 00:34,67.66,1013.31,35.96
19/03/2025 00:35,67.79,1013.32,35.92
19/03/2025 00:36,67.48,1013.3,36.01
19/03/2025 00:37,68.07,1013.31,35.88
19/03/2025 00:38,67.79,1013.31,35.98
19/03/2025 00:39,67.08,1013.3,36.14
19/03/2025 00:40,67.31,1013.3,36.01
19/03/2025 00:41,67.32,1013.3,36.06
19/03/2025 00:42,67.84,1013.28,35.91
19/03/2025 00:43,67.21,1013.27,36.19
19/03/2025 00:44,66.61,1013.27,36.39
19/03/2025 00:45,66.76,1013.27,36.2
19/03/2025 00:46,66.86,1013.22,36.26
19/03/2025 00:47,66.9,1013.23,36.18
19/03/2025 00:48,67.03,1013.22,36.22
19/03/2025 00:49,66.49,1013.19,36.42
19/03/2025 00:50,66.35,1013.19,36.42
19/03/2025 00:51,66.37,1013.19,36.35
19/03/2025 00:52,66.54,1013.22,36.28
19/03/2025 00:53,66.86,1013.2,36.2
19/03/2025 00:54,66.88,1013.17,36.06
19/03/2025 00:55,66.64,1013.16,36.27
19/03/2025 00:56,66.86,1013.11,36.19
19/03/2025 00:57,66.81,1013.1,36.23
19/03/2025 00:58,66.56,1013.08,36.24
19/03/2025 00:59,66.61,1013.1,36.19
19/03/2025 01:00,66.8,1013.07,36.15
19/03/2025 01:01,66.41,1013.08,36.37
19/03/2025 01:02,66.95,1013.05,36.03
19/03/2025 01:03,65.62,1013.07,36.69
19/03/2025 01:04,66.07,1013.07,36.34
19/03/2025 01:05,66.41,1013.07,36.16
19/03/2025 01:06,67.43,1013.06,35.78
19/03/2025 01:07,67.36,1013.06,35.78
19/03/2025 01:08,67.11,1013.06,35.83
19/03/2025 01:09,67.14,1013.05,35.82
19/03/2025 01:10,67.16,1013.01,35.81
19/03/2025 01:11,66.48,1013,36.03
19/03/2025 01:12,66.89,1012.98,35.81
19/03/2025 01:13,66.3,1013.03,36.14
19/03/2025 01:14,66.9,1012.99,35.71
19/03/2025 01:15,66.21,1012.89,36.01
19/03/2025 01:16,65.91,1012.92,36.03
19/03/2025 01:17,65.76,1012.89,36.1
19/03/2025 01:18,65.11,1012.91,36.3
19/03/2025 01:19,64,1012.92,36.93
19/03/2025 01:20,64.31,1012.92,36.57
19/03/2025 01:21,64.38,1012.88,36.59
19/03/2025 01:22,64.6,1012.88,36.46
19/03/2025 01:23,64.12,1012.88,36.8
19/03/2025 01:24,64.28,1012.87,36.65
19/03/2025 01:25,63.76,1012.86,36.68
19/03/2025 01:26,64.44,1012.84,36.35
19/03/2025 01:27,63.72,1012.85,36.78
19/03/2025 01:28,63.32,1012.84,36.87
19/03/2025 01:29,63.83,1012.89,36.58
19/03/2025 01:30,65.04,1012.9,36.05
19/03/2025 01:31,64.7,1012.92,36.14
19/03/2025 01:32,64.1,1012.9,36.39
19/03/2025 01:33,64.9,1012.93,36.07
19/03/2025 01:34,63.41,1012.9,36.52
19/03/2025 01:35,63.61,1012.84,36.5
19/03/2025 01:36,64.11,1012.92,36.08
19/03/2025 01:37,64.64,1012.88,35.92
19/03/2025 01:38,64.14,1012.88,36.21
19/03/2025 01:39,64.65,1012.93,35.83
19/03/2025 01:40,64.27,1012.88,36.04
19/03/2025 01:41,64.52,1012.88,35.95
19/03/2025 01:42,64.72,1012.86,35.71
19/03/2025 01:43,64.48,1012.83,35.87
19/03/2025 01:44,63.86,1012.8,36.22
19/03/2025 01:45,64.16,1012.8,36.06
19/03/2025 01:46,63.45,1012.81,36.37
19/03/2025 01:47,63.78,1012.8,36.17
19/03/2025 01:48,64.69,1012.85,35.78
19/03/2025 01:49,64.43,1012.82,35.97
19/03/2025 01:50,63.94,1012.8,36.15
19/03/2025 01:51,64.3,1012.83,35.88
19/03/2025 01:52,64.68,1012.79,35.78
19/03/2025 01:53,64.25,1012.78,35.94
19/03/2025 01:54,64.65,1012.79,35.77
19/03/2025 01:55,64.73,1012.77,35.82
19/03/2025 01:56,64.77,1012.82,35.7
19/03/2025 01:57,64.79,1012.81,35.75
19/03/2025 01:58,64.94,1012.81,35.63
19/03/2025 01:59,64.65,1012.79,35.97
19/03/2025 02:00,64.82,1012.78,35.8
19/03/2025 02:01,64.73,1012.78,35.81
19/03/2025 02:02,64.76,1012.78,35.83
19/03/2025 02:03,65.08,1012.78,35.71
19/03/2025 02:04,64.49,1012.76,35.91
19/03/2025 02:05,64.84,1012.77,35.79
19/03/2025 02:06,65.12,1012.77,35.67
19/03/2025 02:07,64.73,1012.77,35.79
19/03/2025 02:08,64.54,1012.79,35.87
19/03/2025 02:09,64.36,1012.78,36.02
19/03/2025 02:10,64.56,1012.76,35.99
19/03/2025 02:11,64.93,1012.83,35.73
19/03/2025 02:12,65,1012.75,35.67
19/03/2025 02:13,64.9,1012.77,35.76
19/03/2025 02:14,64.63,1012.72,35.9
19/03/2025 02:15,64.44,1012.71,35.98
19/03/2025 02:16,64.54,1012.75,35.93
19/03/2025 02:17,64.48,1012.7,35.99
19/03/2025 02:18,65.07,1012.7,35.71
19/03/2025 02:19,64.88,1012.65,35.77
19/03/2025 02:20,65.24,1012.66,35.68
19/03/2025 02:21,64.85,1012.65,35.77
19/03/2025 02:22,64.98,1012.66,35.67
19/03/2025 02:23,64.65,1012.6,35.84
19/03/2025 02:24,64.42,1012.57,36
19/03/2025 02:25,64.84,1012.57,35.77
19/03/2025 02:26,64.86,1012.54,35.91
19/03/2025 02:27,64.71,1012.52,35.94
19/03/2025 02:28,64.9,1012.54,35.8
19/03/2025 02:29,65.08,1012.54,35.73
19/03/2025 02:30,64.98,1012.55,35.73
19/03/2025 02:31,65.1,1012.52,35.71
19/03/2025 02:32,65.35,1012.57,35.63
19/03/2025 02:33,65.14,1012.58,35.7
19/03/2025 02:34,65.12,1012.58,35.69
19/03/2025 02:35,65.35,1012.59,35.64
19/03/2025 02:36,64.65,1012.53,35.91
19/03/2025 02:37,65.14,1012.58,35.57
19/03/2025 02:38,65.2,1012.55,35.61
19/03/2025 02:39,64.82,1012.59,35.73
19/03/2025 02:40,64.51,1012.55,35.89
19/03/2025 02:41,64.8,1012.52,35.82
19/03/2025 02:42,64.96,1012.6,35.75
19/03/2025 02:43,65.01,1012.56,35.86
19/03/2025 02:44,65.04,1012.56,35.66
19/03/2025 02:45,64.76,1012.56,35.88
19/03/2025 02:46,64.94,1012.56,35.84
19/03/2025 02:47,65,1012.63,35.52
19/03/2025 02:48,64.93,1012.6,35.71
19/03/2025 02:49,64.52,1012.6,35.71
19/03/2025 02:50,64.97,1012.62,35.33
19/03/2025 02:51,64.55,1012.59,35.41
19/03/2025 02:52,63.79,1012.56,35.8
19/03/2025 02:53,63.22,1012.57,35.9
19/03/2025 02:54,63.08,1012.58,35.87
19/03/2025 02:55,63.63,1012.59,35.64
19/03/2025 02:56,63.79,1012.63,35.53
19/03/2025 02:57,63.75,1012.63,35.46
19/03/2025 02:58,63.59,1012.68,35.42
19/03/2025 02:59,63.66,1012.66,35.38
19/03/2025 03:00,63.47,1012.68,35.35
19/03/2025 03:01,63.13,1012.68,35.32
19/03/2025 03:02,62.81,1012.68,35.42
19/03/2025 03:03,62.6,1012.66,35.37
19/03/2025 03:04,62.1,1012.66,35.45
19/03/2025 03:05,61.8,1012.65,35.4
19/03/2025 03:06,62.02,1012.65,35.26
19/03/2025 03:07,60.78,1012.64,35.73
19/03/2025 03:08,60.96,1012.64,35.53
19/03/2025 03:09,60.82,1012.65,35.5
19/03/2025 03:10,61.11,1012.65,35.38
19/03/2025 03:11,59.98,1012.64,35.81
19/03/2025 03:12,60.32,1012.61,35.57
19/03/2025 03:13,60.67,1012.64,35.38
19/03/2025 03:14,60.54,1012.61,35.36
19/03/2025 03:15,60.62,1012.64,35.26
19/03/2025 03:16,60.46,1012.63,35.34
19/03/2025 03:17,60.02,1012.6,35.46
19/03/2025 03:18,59.6,1012.64,35.58
19/03/2025 03:19,59.46,1012.64,35.69
19/03/2025 03:20,59.63,1012.64,35.54
19/03/2025 03:21,59.15,1012.66,35.67
19/03/2025 03:22,59.13,1012.62,35.66
19/03/2025 03:23,58.69,1012.64,35.76
19/03/2025 03:24,58.98,1012.65,35.52
19/03/2025 03:25,58.43,1012.64,35.86
19/03/2025 03:26,59.12,1012.67,35.52
19/03/2025 03:27,59.21,1012.63,35.41
19/03/2025 03:28,59.22,1012.69,35.35
19/03/2025 03:29,59.21,1012.71,35.31
19/03/2025 03:30,59.07,1012.7,35.38
19/03/2025 03:31,59.11,1012.69,35.32
19/03/2025 03:32,59.09,1012.72,35.3
19/03/2025 03:33,59,1012.7,35.31
19/03/2025 03:34,58.99,1012.71,35.26
19/03/2025 03:35,58.79,1012.71,35.38
19/03/2025 03:36,58.38,1012.71,35.69
19/03/2025 03:37,57.99,1012.76,35.58
19/03/2025 03:38,57.98,1012.75,35.54
19/03/2025 03:39,58.13,1012.83,35.53
19/03/2025 03:40,58.16,1012.78,35.59
19/03/2025 03:41,58.37,1012.84,35.42
19/03/2025 03:42,58.42,1012.8,35.38
19/03/2025 03:43,58.38,1012.84,35.36
19/03/2025 03:44,58.52,1012.86,35.35
19/03/2025 03:45,58.45,1012.88,35.33
19/03/2025 03:46,58.19,1012.87,35.46
19/03/2025 03:47,58.29,1012.9,35.44
19/03/2025 03:48,58.11,1012.89,35.51
19/03/2025 03:49,58.21,1012.9,35.38
19/03/2025 03:50,58.15,1012.86,35.39
19/03/2025 03:51,58.19,1012.83,35.43
19/03/2025 03:52,58.33,1012.83,35.32
19/03/2025 03:53,58.41,1012.8,35.31
19/03/2025 03:54,58.54,1012.83,35.25
19/03/2025 03:55,58.38,1012.8,35.29
19/03/2025 03:56,58.36,1012.81,35.34
19/03/2025 03:57,58.1,1012.77,35.41
19/03/2025 03:58,58.18,1012.78,35.34
19/03/2025 03:59,58.19,1012.78,35.31
19/03/2025 04:00,57.99,1012.81,35.47
19/03/2025 04:01,57.97,1012.82,35.42
19/03/2025 04:02,58.07,1012.81,35.36
19/03/2025 04:03,57.94,1012.82,35.35
19/03/2025 04:04,58.1,1012.82,35.33
19/03/2025 04:05,57.93,1012.84,35.41
19/03/2025 04:06,57.98,1012.88,35.37
19/03/2025 04:07,57.85,1012.87,35.33
19/03/2025 04:08,57.88,1012.83,35.33
19/03/2025 04:09,57.72,1012.87,35.3
19/03/2025 04:10,58.08,1012.86,35.18
19/03/2025 04:11,58.02,1012.87,35.17
19/03/2025 04:12,57.87,1012.87,35.28
19/03/2025 04:13,57.84,1012.86,35.26
19/03/2025 04:14,57.38,1012.82,35.41
19/03/2025 04:15,57.49,1012.77,35.34
19/03/2025 04:16,57.56,1012.84,35.34
19/03/2025 04:17,57.32,1012.79,35.25
19/03/2025 04:18,57.45,1012.8,35.27
19/03/2025 04:19,57.54,1012.85,35.17
19/03/2025 04:20,57.6,1012.86,35.14
19/03/2025 04:21,56.59,1012.85,35.67
19/03/2025 04:22,55.84,1012.79,36.01
19/03/2025 04:23,55.03,1012.77,36.32
19/03/2025 04:24,55.24,1012.83,36.1
19/03/2025 04:25,54.97,1012.83,36.3
19/03/2025 04:26,54.65,1012.76,36.56
19/03/2025 04:27,54.1,1012.79,36.55
19/03/2025 04:28,53.61,1012.83,36.73
19/03/2025 04:29,54.13,1012.81,36.35
19/03/2025 04:30,54.47,1012.86,36.33
19/03/2025 04:31,54.31,1012.83,36.34
19/03/2025 04:32,54.54,1012.88,36.21
19/03/2025 04:33,53.35,1012.82,36.86
19/03/2025 04:34,52.84,1012.85,37.2
19/03/2025 04:35,50.43,1012.81,38.59
19/03/2025 04:36,47.96,1012.77,39.58
19/03/2025 04:37,46.55,1012.78,40.24
19/03/2025 04:38,45.54,1012.81,40.62
19/03/2025 04:39,44.81,1012.84,41.17
19/03/2025 04:40,44.34,1012.82,41.33
19/03/2025 04:41,44.04,1012.82,41.59
19/03/2025 04:42,43.9,1012.87,41.63
19/03/2025 04:43,43.77,1012.89,41.71
19/03/2025 04:44,43.81,1012.87,41.69
19/03/2025 04:45,43.79,1012.89,41.71
19/03/2025 04:46,43.63,1012.87,41.76
19/03/2025 04:47,43.61,1012.88,41.88
19/03/2025 04:48,43.3,1012.88,42.04
19/03/2025 04:49,43.35,1012.86,41.98
19/03/2025 04:50,43.36,1012.92,41.96
19/03/2025 04:51,43.32,1012.88,41.92
19/03/2025 04:52,43.23,1012.85,42.02
19/03/2025 04:53,43.14,1012.87,41.91
19/03/2025 04:54,43.11,1012.91,41.84
19/03/2025 04:55,43.2,1012.87,41.88
19/03/2025 04:56,43.18,1012.91,41.87
19/03/2025 04:57,42.94,1012.91,41.75
19/03/2025 04:58,42.91,1012.86,41.72
19/03/2025 04:59,42.83,1012.88,41.73
19/03/2025 05:00,42.78,1012.89,41.62
19/03/2025 05:01,42.68,1012.91,41.55
19/03/2025 05:02,42.6,1012.86,41.57
19/03/2025 05:03,42.52,1012.91,41.55
19/03/2025 05:04,42.38,1012.88,41.56
19/03/2025 05:05,42.47,1012.87,41.5
19/03/2025 05:06,42.48,1012.85,41.51
19/03/2025 05:07,42.47,1012.87,41.56
19/03/2025 05:08,42.49,1012.86,41.53
19/03/2025 05:09,42.3,1012.86,41.56
19/03/2025 05:10,42.38,1012.85,41.53
19/03/2025 05:11,42.03,1012.92,41.9
19/03/2025 05:12,41.83,1012.92,42.05
19/03/2025 05:13,42.22,1012.89,41.91
19/03/2025 05:14,41.92,1012.86,42.15
19/03/2025 05:15,41.57,1012.82,42.36
19/03/2025 05:16,41.38,1012.87,42.33
19/03/2025 05:17,41.66,1012.86,42.11
19/03/2025 05:18,41.87,1012.88,41.91
19/03/2025 05:19,42.11,1012.9,41.84
19/03/2025 05:20,42.01,1012.89,41.86
19/03/2025 05:21,42.02,1012.91,41.85
19/03/2025 05:22,42.05,1012.89,41.66
19/03/2025 05:23,42.07,1012.93,41.57
19/03/2025 05:24,42.28,1012.86,41.52
19/03/2025 05:25,42.2,1012.9,41.64
19/03/2025 05:26,42.14,1012.89,41.63
19/03/2025 05:27,42.17,1012.89,41.55
19/03/2025 05:28,42.14,1012.95,41.59
19/03/2025 05:29,42.08,1012.95,41.6
19/03/2025 05:30,42.2,1012.97,41.69
19/03/2025 05:31,41.99,1013.02,41.75
19/03/2025 05:32,42.02,1013.05,41.82
19/03/2025 05:33,41.76,1013.05,41.87
19/03/2025 05:34,41.86,1013.09,41.78
19/03/2025 05:35,41.76,1013.08,41.9
19/03/2025 05:36,41.7,1013.08,41.92
19/03/2025 05:37,41.74,1013.05,41.98
19/03/2025 05:38,41.63,1013.12,42.1
19/03/2025 05:39,41.55,1013.07,42.02
19/03/2025 05:40,41.44,1013.11,41.97
19/03/2025 05:41,41.75,1013.13,41.96
19/03/2025 05:42,41.74,1013.14,41.95
19/03/2025 05:43,41.8,1013.15,42.06
19/03/2025 05:44,41.52,1013.18,42.14
19/03/2025 05:45,41.52,1013.21,42.15
19/03/2025 05:46,41.43,1013.19,42.29
19/03/2025 05:47,41.43,1013.2,42.54
19/03/2025 05:48,41.58,1013.24,42.11
19/03/2025 05:49,42.06,1013.26,41.59
